Pucked Up,Pucked UP
Seekers,SEEKZERs
Beginner Indies,Beg Indies,Beginner Indies 01,Beginner Indies 1,1 Beginner Indy,Indies 1,Casual Indies,3 Beginner Indy,Beginner Indies 2,Beginner Individuals 1
Honey Nut Chelios,Honey-Nut Chelios
The Mighty Dads,Mighty Dads
Smooth Liquid Thunder,Smooth Liquid Thunder!
C Cups,C-Cups
Zamboni Riding Marmots,Zamboni riding Marmots
Chasers
Pucking Optometry
Specs Offenders
Gerihattricks,Gerihattrick
David R Ceriton School of Super Friends,David R. Cheriton’s School of Hockey Superfriends,David R. Ceriton School of Super Friends
Puck Bunnies
Punctal Plugs
The Penetrators,Penetrators
East Side Dusters
Lil Samureyes,LIL' SAMUREYES,Samureyes,LIL’SAMUREYES
Keepers
G-Rebels,Grebels,Grebel
SciSoc Ice Hockey,SciSoc Hockey
Sci-Hawks
They Didnt Score Last Night Either,They Didn’t Score Last Night Either
Teach Me How to Doughty,Teach Me How to Doughty 2.0,Teach Me How To Doughty
Brian Burkes Team,Brian Burke’s Team
Dirty Mike and the Boys
Sofa King Good
Jedeyes
Beaners
Optical Prime
Caucasian Invasion,Caucasian Invasian
C'ing Eye Dawgs,C’ing Eye Dawgs
The Giggly Gumdrops,Giggly Gumdrops
Dustin Pennertration
SE-men
Team Watson
Flying Pucks
The Strong Forks
Alaskan Oil Exchange 6.9
The Big Mason Jars
The Consistent Waterbottles
Foreign Body Checks
Vicious Velociraptors
Hard-Core Honey Badgers
Spanish Speed Skaters
Nepalese Nordic Skiers
Zamboners
Fearsome Flexors,Fearsome flexors
Optopuck
Third Time Lucky
The Gordon Savages
The Wings of Hermes
The Beams of Apollo
Rugrats Go Wild
Harder Better Faster Pronger
Tusken Raiders
The Hadron Colliders
Eclectic Puckers
The Wampas,The Wampa’s
Cluster
Funny Old People
The One Timers,The One-Timers
Young Wipper' Snappers',Young Wipper’ Snappers’
eye puck your mama,Eye on Puck
Seductive Scorpions
Sponsored by Marc
Arrogant Anacondas
All I Do Is Win
Wildest Dreams
Macular Puckers
Awwl Be Bawk!
CL Clubbers
CIVE
Change Room 2
SE Eulers
Ephesian Six
Hutter's Hoplites,Hutter’s Hoplites
Soft Puckers,SoftPuckers
